"authorstr","Year","Source.title","Cited.by"
"Hong K. et al.","2009","Marine Drugs",270
"Varga J. et al.","2011","Studies in Mycology",209
"Andreote F.D. et al.","2012","PLoS ONE",193
"Pires A.C.C. et al.","2012","Applied and Environmental Microbiology",186
"Le T.X. et al.","2005","Science of the Total Environment",185
"de-Bashan L.E. et al.","2012","Applied Soil Ecology",180
"Kathiresan K.","2003","Revista de Biologia Tropical",169
"Kumaresan V. and Suryanarayanan T.S.","2002","Fungal Diversity",160
"Xu X.-R. et al.","2005","International Biodeterioration and Biodegradation",158
"Alongi D.M. et al.","2000","Aquatic Botany",156
"Sherman R.E. et al.","1998","Oecologia",151
"Mallick I. et al.","2018","Science of the Total Environment",142
"Li M. et al.","2011","Applied Microbiology and Biotechnology",140
"Ferreira T.O. et al.","2007","Geoderma",134
"Ananda K. and Sridhar K.R.","2002","Canadian Journal of Microbiology",132
"Ser H.-L. et al.","2015","Frontiers in Microbiology",124
"Dunfield K.E. and Germida J.J.","2001","FEMS Microbiology Ecology",124
"Behera B.C. et al.","2017","Journal of Genetic Engineering and Biotechnology",122
"Lovelock C.E. et al.","2007","Oecologia",118
"Heyer J. et al.","2002","Microbiology",117
"Mishra R.R. et al.","2011","Chemosphere",115
"Lee L.-H. et al.","2014","Scientific World Journal",112
"Koch V. and Wolff M.","2002","Marine Ecology Progress Series",112
"Gao G.-F. et al.","2019","Science of the Total Environment",105
"Alzubaidy H. et al.","2016","Gene",104
"Fan Y. et al.","2013","Journal of Natural Products",103
"Biswas H. et al.","2007","Journal of Marine Systems",99
"Tan L.T. et al.","2015","Frontiers in Microbiology",98
"Wang Y. et al.","2014","Chemosphere",97
"Chatterjee S. et al.","2020","Chemical Engineering Journal",96
"Flores-Mireles A.L. et al.","2007","Applied and Environmental Microbiology",96
"Wang Y. et al.","2011","PLoS ONE",96
"Ramsay M.A. et al.","2000","Marine Pollution Bulletin",95
"Sengupta A. and Chaudhuri S.","2002","Mycorrhiza",94
"Hamzah T.N.T. et al.","2018","Frontiers in Microbiology",93
"Wang Y.-F. and Gu J.-D.","2013","Applied Microbiology and Biotechnology",93
"Zuberer D.A. and Silver W.S.","1978","Applied and environmental microbiology",92
"Varon-Lopez M. et al.","2014","Environmental Microbiology",90
"Chambers L.G. et al.","2016","Wetlands",89
"Sangale M.K. et al.","2019","Scientific Reports",88
"Gao H. et al.","2013","Bioorganic and Medicinal Chemistry Letters",88
"Jin M. et al.","2019","Microbiome",86
"Tam N.F.Y.","1998","Environmental Pollution",84
"Wang Y. et al.","2010","Plant and Soil",83
"Cannicci S. et al.","2009","Estuarine, Coastal and Shelf Science",82
"Marchand C. et al.","2012","Chemical Geology",81
"Chen J. et al.","2018","Journal of Hazardous Materials",80
"Yadav A.N. et al.","2015","Annals of Microbiology",80
"Lee L.-H. et al.","2014","International Journal of Systematic and Evolutionary Microbiology",80
"Ser H.-L. et al.","2016","Frontiers in Microbiology",78
"Ye M. et al.","2010","Applied Microbiology and Biotechnology",78
"De Franҫa Í.W.L. et al.","2015","Catalysis Today",76
"Chen J. et al.","2015","Journal of Hazardous Materials",75
"Saravanakumar K. et al.","2013","Aquatic Botany",75
"Ser H.-L. et al.","2016","Scientific Reports",74
"Azman A.-S. et al.","2017","Indian Journal of Microbiology",74
"Tam N.F.Y. and Wong Y.S.","2008","Marine Pollution Bulletin",74
"Li G. et al.","2012","Bioresource Technology",72
"Cabral L. et al.","2016","Environmental Pollution",71
"Xie Q.-Y. et al.","2012","Antonie van Leeuwenhoek, International Journal of General and Molecular Microbiology",71
"Lee R.Y. and Joye S.B.","2006","Marine Ecology Progress Series",70
"Ravikumar S. et al.","2004","Journal of Experimental Marine Biology and Ecology",69
"Gleason S.M. and Ewel K.C.","2002","Biotropica",69
"Xie H. et al.","2021","Science of the Total Environment",68
"Mishra R.R. et al.","2012","Journal of Hazardous Materials",68
"Lee R.Y. et al.","2008","Biogeochemistry",68
"Soldan R. et al.","2019","Microbiological Research",67
"Law J.W.-F. et al.","2017","Frontiers in Microbiology",67
"Xie X. et al.","2014","Applied Soil Ecology",67
"Ser H.-L. et al.","2015","Frontiers in Microbiology",65
"Zhang Y. et al.","2012","Journal of Natural Products",65
"Taketani R.G. et al.","2010","Journal of Microbiology",65
"Arora P. et al.","2021","mBio",64
"Tan L.T. et al.","2017","Frontiers in Pharmacology",64
"Gaonkar T. and Bhosle S.","2013","Chemosphere",64
"Bai S. et al.","2013","Applied Microbiology and Biotechnology",63
"Arfi Y. et al.","2012","Fungal Ecology",62
"Cai S. et al.","2011","Journal of Natural Products",61
"Mitra A. et al.","2008","Applied Microbiology and Biotechnology",61
"Heinonsalo J. et al.","2001","FEMS Microbiology Ecology",61
"Kothamasi D. et al.","2006","Biology and Fertility of Soils",61
"Kumar A.P. et al.","2016","3 Biotech",60
"Xu Z. et al.","2014","PLoS ONE",60
"Saranya K. et al.","2018","Journal of Environmental Management",59
"Simões M.F. et al.","2015","Genomics, Proteomics and Bioinformatics",59
"Betancourt D.A. et al.","2008","Applied and Environmental Microbiology",59
"Dias A.C.F. et al.","2010","Antonie van Leeuwenhoek, International Journal of General and Molecular Microbiology",58
"Zhuang W. et al.","2020","npj Biofilms and Microbiomes",57
"Menasveta P. et al.","2001","Aquacultural Engineering",57
"Ke L. et al.","2003","Chemosphere",57
"Silva C.S.P. et al.","2014","Systematic and Applied Microbiology",56
"Gao H. et al.","2012","Organic and Biomolecular Chemistry",56
"Wang C. et al.","2011","International Journal of Systematic and Evolutionary Microbiology",56
"Ottoni C.A. et al.","2020","Chemosphere",55
"Xu Y. et al.","2015","Environmental Science and Technology",55
"Yan B. et al.","2006","Journal of Microbiology",55
"Hwanhlem N. et al.","2014","Food Control",54
"Keuskamp J.A. et al.","2015","Soil Biology and Biochemistry",54
"Prasanna L. et al.","2013","Applied Microbiology and Biotechnology",54
"Kathiresan K. and Selvam M.M.","2006","Botanica Marina",54
"Sun H. et al.","2019","Science of the Total Environment",53
"Yin Y. and Yan Z.","2020","Science of the Total Environment",52
"Nathan V.K. et al.","2014","SpringerPlus",52
"Alongi D.M.","2010","Ecology",52
"Basak P. et al.","2016","Genomics Data",51
"Kumar S. et al.","2007","Revista de Biologia Tropical",51
"Gonzalez-Acosta B. et al.","2006","FEMS Microbiology Ecology",51
"Chen M. et al.","2017","Journal of Natural Products",50
"Moreira I.T.A. et al.","2013","Marine Pollution Bulletin",50
"Gao Z. et al.","2010","Applied Microbiology and Biotechnology",50
"Xu X.-R. et al.","2007","Journal of Hazardous Materials",50
"Neto R.R. et al.","2006","Biogeochemistry",50
"Tan L.T.-H. et al.","2019","BMC Microbiology",49
"El-Tarabily K.A.","2002","Canadian Journal of Microbiology",49
"Prakash A.A. et al.","2021","Journal of Hazardous Materials",48
"Zhang M. et al.","2018","Applied Microbiology and Biotechnology",48
"Liu M. et al.","2017","Frontiers in Microbiology",48
"Meng L.-H. et al.","2014","Organic Letters",48
"Zhang Y. et al.","2008","Archives of Microbiology",48
"Wang Q. et al.","2018","Science of the Total Environment",47
"Luo L. and Gu J.-D.","2016","Journal of Environmental Management",47
"Lee L.-H. et al.","2014","International Journal of Systematic and Evolutionary Microbiology",47
"Yang Q. et al.","2014","Marine Pollution Bulletin",46
"Dias A.C.F. et al.","2011","Journal of Soils and Sediments",46
"Chen W. and Wen D.","2021","Environmental Microbiomes",45
"Law J.W.-F. et al.","2019","Scientific Reports",45
"Imchen M. et al.","2017","Scientific Reports",45
"Peixoto R. et al.","2011","Antonie van Leeuwenhoek, International Journal of General and Molecular Microbiology",45
"Ye Y. et al.","2001","Marine Pollution Bulletin",45
"Geetha I. and Manonmani A.M.","2010","Letters in Applied Microbiology",44
"Keuskamp J.A. et al.","2013","Soil Biology and Biochemistry",43
"Gowrishankar S. et al.","2014","Research in Microbiology",43
"Ma J. et al.","2021","Chemosphere",42
"Meng L.-H. et al.","2015","Journal of Natural Products",42
"Mendes L.W. and Tsai S.M.","2014","Diversity",41
"Jiang H. et al.","2016","Extremophiles",40
"Chen J. et al.","2016","Science of the Total Environment",40
"Swe A. et al.","2009","Biodiversity and Conservation",40
"Tan L.T.-H. et al.","2018","BioMed Research International",39
"Lee L.-H. et al.","2014","International journal of systematic and evolutionary microbiology",39
"Walker L.R. et al.","1996","Biotropica",39
"Andrade G.R.P. et al.","2018","Geoderma",38
"Ravikumar S. et al.","2007","Journal of Environmental Biology",38
"Liu M. et al.","2019","Scientific Reports",37
"Rishad K.S. et al.","2017","Pesticide Biochemistry and Physiology",37
"Hesse P.R.","1961","Plant and Soil",37
"Law J.W.-F. et al.","2019","Scientific Reports",36
"Mendes L.W. and Tsai S.M.","2018","Antonie van Leeuwenhoek, International Journal of General and Molecular Microbiology",36
"Barati A. et al.","2016","International Journal of Environmental Research and Public Health",36
"Yang B. et al.","2014","Tetrahedron",36
"Hu H. et al.","2012","International Journal of Systematic and Evolutionary Microbiology",36
"Ara I. et al.","2007","Journal of General and Applied Microbiology",36
"Geetha I. et al.","2007","Biological Control",36
"Filizola P.R.B. et al.","2019","Microbial Cell Factories",35
"Orji F.A. et al.","2012","Malaysian Journal of Microbiology",35
"Mendes L.W. et al.","2012","Research in Microbiology",35
"D'Souza J. and Rodrigues B.F.","2013","Journal of Forestry Research",35
"Zhang M. et al.","2020","Science of the Total Environment",34
"Gao G.-F. et al.","2020","mSystems",34
"Tan L.T.-H. et al.","2019","MicrobiologyOpen",34
"Shahriari Moghadam M. et al.","2014","Journal of Environmental Health Science and Engineering",34
"Ser H.-L. et al.","2015","Antonie van Leeuwenhoek, International Journal of General and Molecular Microbiology",34
"Van-Thuoc D. et al.","2012","MicrobiologyOpen",34
"Yuan G. et al.","2011","Magnetic Resonance in Chemistry",34
"Gao H. et al.","2010","Magnetic Resonance in Chemistry",34
"Kumar T. and Ghose M.","2008","Wetlands Ecology and Management",34
"Tamura T. et al.","2006","International Journal of Systematic and Evolutionary Microbiology",34
"Barreto C.R. et al.","2018","Wetlands",33
"Delgado A.G. et al.","2014","PLoS ONE",33
"Mangamuri U.K. et al.","2012","Malaysian Journal of Microbiology",33
"Xiao J. et al.","2009","International Journal of Systematic and Evolutionary Microbiology",33
"Lim S.-P. et al.","2005","Applied Biochemistry and Biotechnology",33
"Liang C. et al.","2019","Applied Microbiology and Biotechnology",32
"Ser H.-L. et al.","2018","Progress in Microbes and Molecular Biology",32
"Rameshkumar N. and Nair S.","2009","FEMS Microbiology Ecology",32
"Wickramasinghe S. et al.","2009","Ecological Engineering",32
"Zhang Y.-H. et al.","2020","Marine Drugs",31
"Sampaio C.J.S. et al.","2019","3 Biotech",31
"Naresh S. et al.","2019","Tropical Life Sciences Research",31
"Raghava Rao K.V. et al.","2017","3 Biotech",31
"De Oliveira D.W.F. et al.","2017","Journal of Environmental Science and Health - Part A Toxic/Hazardous Substances and Environmental Engineering",31
"Adame M.F. et al.","2015","Marine Ecology Progress Series",31
"Alfaro-Espinoza G. and Ullrich M.S.","2015","Frontiers in Microbiology",31
"Gao Z.-M. et al.","2014","Applied Microbiology and Biotechnology",31
"Rigonato J. et al.","2013","Environmental Microbiology",31
"Liu Y. et al.","2013","Journal of Environmental Sciences (China)",31
"Mishra R.R. et al.","2012","Revista de Biologia Tropical",31
"Whigham D.F. et al.","2009","Estuaries and Coasts",31
"Craig H. et al.","2021","Soil Biology and Biochemistry",30
"Abdo A.M. et al.","2021","Materials",30
"Chen M. et al.","2019","Journal of Natural Products",30
"Cheng J. et al.","2019","Environmental Pollution",30
"Chen C. et al.","2018","Frontiers in Microbiology",30
"Correia R.R.S. and Guimarães J.R.D.","2017","Chemosphere",30
"Nordhaus I. et al.","2017","Estuarine, Coastal and Shelf Science",30
"Wang Y. et al.","2015","Annals of Microbiology",30
"Wang W. et al.","2014","Marine Pollution Bulletin",30
"Wang H. et al.","2015","Journal of Soils and Sediments",30
"Becker P.T. et al.","2009","Cahiers de Biologie Marine",30
"Taketani R.G. et al.","2009","Antonie van Leeuwenhoek, International Journal of General and Molecular Microbiology",30
"Benka-Coker M.O. and Olumagin A.","1995","Bioresource Technology",30
"Marie Booth J. et al.","2019","Scientific Reports",29
"Sanka Loganathachetti D. et al.","2017","Scientific Reports",29
"Bibi F. et al.","2017","Genetics and Molecular Research",29
"Liu Y. et al.","2015","Phytochemistry Letters",29
"Behera B.C. et al.","2013","Chemistry and Ecology",29
"Dinesh R. and Ghoshal Chaudhuri S.","2013","Ecological Indicators",29
"Li X.-L. et al.","2010","Molecules",29
"Liu X. et al.","2020","Science of the Total Environment",28
"Chakraborty V. et al.","2018","Environmental Technology and Innovation",28
"Nurunnabi T.R. et al.","2018","Phytotherapy Research",28
"Yun J. et al.","2017","Applied Microbiology and Biotechnology",28
"Vohník M. et al.","2015","Mycorrhiza",28
"Gao H. et al.","2013","Archives of Pharmacal Research",28
"Gonsalves M.-J. et al.","2011","Environmental Monitoring and Assessment",28
"Sui J.-L. et al.","2011","International Journal of Systematic and Evolutionary Microbiology",28
"Ceccon D.M. et al.","2019","Science of the Total Environment",27
"Kemung H.M. et al.","2020","Molecules",27
"Priya G. et al.","2018","Agri Gene",27
"Manimaran M. et al.","2017","Proceedings of the National Academy of Sciences India Section B - Biological Sciences",27
"Pan Y. et al.","2017","Marine Pollution Bulletin",27
"Al-Amoudi S. et al.","2016","Marine Drugs",27
"Arunasri K. et al.","2005","International Journal of Systematic and Evolutionary Microbiology",27
"Abu-Tahon M.A. and Isaac G.S.","2020","Journal of General and Applied Microbiology",26
"Li F. et al.","2019","Evidence-based Complementary and Alternative Medicine",26
"Shahnawaz M. et al.","2016","Environmental Science and Pollution Research",26
"Gong B. et al.","2017","Brazilian Journal of Microbiology",26
"Tseng M. et al.","2011","International Journal of Systematic and Evolutionary Microbiology",26
"Krishnan K.P. et al.","2007","Marine Pollution Bulletin",26
"do Carmo F.L. et al.","2011","Journal of Microbiology",26
"Shiau Y.-J. et al.","2018","Microbial Ecology",25
"Xu Y. et al.","2017","Science of the Total Environment",25
"Marinho F. et al.","2018","Sydowia",25
"Mai Z. et al.","2016","International Journal of Molecular Sciences",25
"Pupin B. and Nahas E.","2014","Journal of Applied Microbiology",25
"Hong Y. et al.","2012","Applied Microbiology and Biotechnology",25
"Thawai C. et al.","2008","International Journal of Systematic and Evolutionary Microbiology",25
"Kemung H.M. et al.","2020","BioMed Research International",24
"Das D. et al.","2019","Biocatalysis and Agricultural Biotechnology",24
"Wang W. et al.","2017","Scientific Reports",24
"Teymouri M. et al.","2016","Biocatalysis and Agricultural Biotechnology",24
"Behera B.C. et al.","2016","Biocatalysis and Biotransformation",24
"Basak P. et al.","2015","Genomics Data",24
"Xie Q.-Y. et al.","2012","Antonie van Leeuwenhoek, International Journal of General and Molecular Microbiology",24
"Liu J. et al.","2012","Canadian Journal of Microbiology",24
"Hart M.G.R.","1959","Plant and Soil",24
"Lin G. et al.","2021","Science of the Total Environment",23
"Cabral L. et al.","2018","Ecotoxicology and Environmental Safety",23
"Herrera Silveira J.A. et al.","2016","Terra Latinoamericana",23
"Al-Amoudi S. et al.","2016","Gene",23
"Miyahara M. et al.","2016","Bioresource Technology",23
"Balakrishnan B. et al.","2017","Environmental Earth Sciences",23
"Van-Thuoc D. et al.","2015","Applied Biochemistry and Biotechnology",23
"Wang F. et al.","2011","International Journal of Systematic and Evolutionary Microbiology",23
"Xu X.-R. et al.","2007","Ecotoxicology and Environmental Safety",23
"Xu X.-R. et al.","2006","Analytical and Bioanalytical Chemistry",23
"Torres G.G. et al.","2019","Environmental Pollution",22
"Vanegas J. et al.","2019","Fungal Ecology",22
"Das S. and De T.K.","2018","MethodsX",22
"Burford M.A. et al.","1998","Aquaculture Research",22
"Yu H. et al.","2021","Soil Biology and Biochemistry",21
"Wang C. et al.","2021","Journal of Hazardous Materials",21
"Osei E. et al.","2019","Marine Drugs",21
"Tang L. et al.","2017","Gene",21
"Li W. et al.","2016","Journal of Soils and Sediments",21
"Ling O.M. et al.","2016","Sains Malaysiana",21
"Jiang S. et al.","2016","Marine Pollution Bulletin",21
"Li L. et al.","2013","International Journal of Systematic and Evolutionary Microbiology",21
"Wang Y.-F. et al.","2014","Applied Microbiology and Biotechnology",21
"Marius C. and Lucas J.","1991","Journal of African Earth Sciences",21
"Scherrer P. and Mille G.","1989","Marine Pollution Bulletin",21
"Jiang Y. et al.","2020","Chemosphere",20
"Nathan V.K. et al.","2017","BioResources",20
"Foong C.P. et al.","2018","Journal of Polymer Research",20
"Sanka Loganathachetti D. et al.","2016","Current Microbiology",20
"Zainal N. et al.","2016","Antonie van Leeuwenhoek, International Journal of General and Molecular Microbiology",20
"Shao C. et al.","2014","International Journal of Systematic and Evolutionary Microbiology",20
"Izumikawa M. et al.","2012","Journal of Antibiotics",20
"Hu H. et al.","2011","Antonie van Leeuwenhoek, International Journal of General and Molecular Microbiology",20
"Wang Y. et al.","2004","Microbes and Environments",20
"Nielsen M.G. et al.","2003","Australian Journal of Entomology",20
"Puthusseri R.M. et al.","2021","Journal of Environmental Management",19
"Padhy S.R. et al.","2021","Science of the Total Environment",19
"Wang Q. et al.","2020","Science of the Total Environment",19
"Chen E. et al.","2020","Journal of Ecology",19
"Zheng Y.-Y. et al.","2020","Natural Product Research",19
"Tan L.T.-H. et al.","2019","Cancers",19
"Zheng J. et al.","2019","Journal of Soils and Sediments",19
"Sukhdhane K.S. et al.","2019","Polycyclic Aromatic Compounds",19
"Ho T.W. et al.","2015","Marine Biology",19
"Masdor N. et al.","2015","Biodiversitas",19
"Viswanath G. et al.","2015","Systematic and Applied Microbiology",19
"Balk M. et al.","2015","Frontiers in Microbiology",19
"Liang T.-W. et al.","2014","Bioprocess and Biosystems Engineering",19
"Gao Z.-M. et al.","2012","International Journal of Systematic and Evolutionary Microbiology",19
"Chen J.L. et al.","2009","Journal of Hazardous Materials",19
"Inoue T. et al.","2011","Plant and Soil",19
"Luo Z. et al.","2021","Microbiome",18
"Cao M. et al.","2021","Microorganisms",18
"Xu Y. et al.","2019","Soil Biology and Biochemistry",18
"Nguyen K.L. et al.","2017","Science of the Total Environment",18
"Ye X. et al.","2017","Natural Product Research",18
"Xu X.-X. et al.","2012","International Journal of Systematic and Evolutionary Microbiology",18
"Crevelin E.J. et al.","2013","Applied Biochemistry and Biotechnology",18
"Chen Q.-H. et al.","2009","Marine Pollution Bulletin",18
"Bharathkumar S. et al.","2008","World Journal of Microbiology and Biotechnology",18
"Burns K.A. et al.","1999","Mangroves and Salt Marshes",18
"Westing A.H.","1975","Ambio",18
"Yang Z. et al.","2022","Ecological Indicators",17
"Agusto L.E. et al.","2021","Estuarine, Coastal and Shelf Science",17
"Al Farraj D.A. et al.","2020","Journal of King Saud University - Science",17
"Santini N.S. et al.","2019","Ecosystems",17
"Huergo L.F. et al.","2018","Science of the Total Environment",17
"Feng J. et al.","2019","Forests",17
"Wang R.-J. et al.","2019","Marine Drugs",17
"Kalyani B.S. et al.","2019","Saudi Journal of Biological Sciences",17
"Yang B. et al.","2017","Journal of Antibiotics",17
"Gong B. et al.","2018","Iranian Journal of Pharmaceutical Research",17
"Zhang S. et al.","2015","Applied Microbiology and Biotechnology",17
"Meng L.-H. et al.","2016","Chirality",17
"Arai H. et al.","2016","Soil Science and Plant Nutrition",17
"Songsumanus A. et al.","2013","International Journal of Systematic and Evolutionary Microbiology",17
"Liang T.-W. et al.","2013","Carbohydrate Polymers",17
"Bao H. et al.","2013","Acta Oceanologica Sinica",17
"Laanbroek H.J. et al.","2012","Frontiers in Microbiology",17
"Limtong S. and Yongmanitchai W.","2010","Antonie van Leeuwenhoek",17
"Nitiyon S. et al.","2011","International Journal of Systematic and Evolutionary Microbiology",17
"Sharpe J.M.","2010","Wetlands Ecology and Management",17
"Auta H.S. et al.","2022","Journal of Environmental Management",16
"Alves K.J. et al.","2020","Brazilian Journal of Microbiology",16
"Li J. et al.","2020","International Biodeterioration and Biodegradation",16
"Purahong W. et al.","2019","Microorganisms",16
"Luvizotto D.M. et al.","2019","Anais da Academia Brasileira de Ciencias",16
"He D. et al.","2018","Organic Geochemistry",16
"Tian T. et al.","2017","Marine Pollution Bulletin",16
"Ghate S.D. and Sridhar K.R.","2016","Plant Biosystems",16
"Balk M. et al.","2016","Frontiers in Microbiology",16
"Tao H. et al.","2017","Natural Product Research",16
"Otero X.L. et al.","2014","Estuarine, Coastal and Shelf Science",16
"Fan Y. et al.","2014","International Journal of Systematic and Evolutionary Microbiology",16
"Chakraborty I. et al.","2015","Der Pharmacia Lettre",16
"Chen M. et al.","2014","Geoderma",16
"Lee L.-H. et al.","2015","International Journal of Systematic and Evolutionary Microbiology",16
"Limtong S. et al.","2008","FEMS Yeast Research",16
"Inoue T. et al.","2011","Plant and Soil",16
"Li C. et al.","2008","Chemistry of Natural Compounds",16
"Limtong S. et al.","2010","FEMS Yeast Research",16
"Tian Y. et al.","2020","Science of the Total Environment",15
"Zheng Y.-Y. et al.","2019","Marine Drugs",15
"Yin P. et al.","2018","Marine Environmental Research",15
"Ariyanto D.","2019","Plant Archives",15
"Zhou S. et al.","2019","ACS Chemical Biology",15
"Marcos M.S. et al.","2018","Microbial Ecology",15
"Muthusamy S. et al.","2019","Biofuels",15
"Arumugam T. et al.","2017","Microbial Pathogenesis",15
"Tripathi R. et al.","2016","Ecological Engineering",15
"da Silva I.R. et al.","2017","Acta Oecologica",15
"Ottoni J.R. et al.","2017","World Journal of Microbiology and Biotechnology",15
"Huu Phong T. et al.","2016","International Journal of Biological Macromolecules",15
"Lee G.-H. et al.","2014","International Journal of Systematic and Evolutionary Microbiology",15
"Kannahi M. and Sudha P.","2013","Journal of Chemical and Pharmaceutical Research",15
"Sathya R. and Ushadevi T.","2014","International Journal of Pharmacy and Pharmaceutical Sciences",15
"Chen J.L. et al.","2011","Journal of Hazardous Materials",15
"Matsumoto A. et al.","2010","International Journal of Systematic and Evolutionary Microbiology",15
"Vovides A.G. et al.","2011","Biology and Fertility of Soils",15
"Jiang Y.-X. et al.","2011","Journal of Bioscience and Bioengineering",15
"Kumar P.A. et al.","2008","International Journal of Systematic and Evolutionary Microbiology",15
"Haydon T.D. et al.","2021","Frontiers in Microbiology",14
"Pason P. et al.","2020","Biocatalysis and Agricultural Biotechnology",14
"Lam M.Q. et al.","2020","Genomics",14
"Bankole P.O. et al.","2020","Frontiers of Environmental Science and Engineering",14
"Liang Z.-Y. et al.","2019","Bioorganic Chemistry",14
"Rampadarath S. et al.","2018","World Journal of Microbiology and Biotechnology",14
"Bafana R. et al.","2019","Biotechnology Progress",14
"Suksaard P. et al.","2016","International Journal of Systematic and Evolutionary Microbiology",14
"Nair H.P. et al.","2014","Biotechnology Reports",14
"Lin Y. et al.","2015","Chinese Journal of Organic Chemistry",14
"Gonçalves A.C.S. et al.","2015","Genetics and Molecular Research",14
"Ren J. et al.","2013","International Journal of Systematic and Evolutionary Microbiology",14
"Ramírez-Elías M.A. et al.","2014","Applied Soil Ecology",14
"Dias A.C.F. et al.","2012","Brazilian Journal of Microbiology",14
"Bhattacharya S. et al.","2011","Australian Journal of Basic and Applied Sciences",14
"Ara I. et al.","2008","Journal of General and Applied Microbiology",14
"Mei K. et al.","2022","Chemosphere",13
"Cheng H. et al.","2020","Tree Physiology",13
"Li R. et al.","2020","Chemosphere",13
"Kijjanapanich P. et al.","2014","Critical Reviews in Environmental Science and Technology",13
"Shrivastava P. et al.","2015","Polish Journal of Microbiology",13
"Lang F.S. et al.","2016","Water, Air, and Soil Pollution",13
"Ameen F. et al.","2015","Journal of General and Applied Microbiology",13
"Peng M. et al.","2012","Canadian Journal of Microbiology",13
"Das S. et al.","2012","Geomicrobiology Journal",13
"Mishra R.R. et al.","2009","African Journal of Biotechnology",13
"Udo M.T.","2002","Journal of Environmental Sciences",13
"Devi T.S. et al.","2021","Archives of Microbiology",12
"Chen G. et al.","2020","Environmental Research Letters",12
"Shiau Y.-J. et al.","2020","Microorganisms",12
"Al-Shibli H. et al.","2019","PeerJ",12
"Sanjivkumar M. et al.","2018","Waste and Biomass Valorization",12
"Shiau Y.-J. et al.","2017","Estuarine, Coastal and Shelf Science",12
"Wang Y. et al.","2017","Journal of Antibiotics",12
"Begam M.M. et al.","2017","Hydrobiologia",12
"Lau N.-S. et al.","2017","Standards in Genomic Sciences",12
"Haque M.U. et al.","2016","Journal of Applied Pharmaceutical Science",12
"Hofmann C.-C. et al.","2012","Austrian Journal of Earth Sciences",12
"Orji F.A. et al.","2013","American Journal of Environmental Sciences",12
"Kaur N. et al.","2014","Antonie van Leeuwenhoek, International Journal of General and Molecular Microbiology",12
"Ho H.-H. et al.","2012","Botanical Studies",12
"Das S. et al.","2014","Geomicrobiology Journal",12
"Brooks S. et al.","2022","Current Microbiology",11
"Zhao Y. et al.","2019","Forests",11
"Mukherji S. et al.","2020","Ecotoxicology and Environmental Safety",11
"Van Thuoc D. et al.","2019","Annals of Microbiology",11
"Luo L. et al.","2018","International Biodeterioration and Biodegradation",11
"Rigonato J. et al.","2018","Brazilian Journal of Microbiology",11
"Saravanakumar K. et al.","2016","Biocatalysis and Agricultural Biotechnology",11
"Balakrishnan S. et al.","2017","Journal of Parasitic Diseases",11
"Zhang D.-C. and Margesin R.","2014","International Journal of Systematic and Evolutionary Microbiology",11
"Adams R.H. et al.","2015","Sains Malaysiana",11
"Jiménez D.J. et al.","2015","Microbial Biotechnology",11
"Laanbroek H.J. et al.","2013","Frontiers in Microbiology",11
"Duarte R.T.D. et al.","2012","International Journal of Astrobiology",11
"Ruiz-Marín A. et al.","2013","Revista Mexicana de Ingeniera Quimica",11
"Yateem A. and Al-Sharrah T.","2011","Soil and Sediment Contamination",11
"Bharathkumar S. et al.","2008","Journal of Basic Microbiology",11
"Kumar T. et al.","2008","Biotechnic and Histochemistry",11
"SWART H.J.","1963","Acta Botanica Neerlandica",11
"Tan C.J. et al.","2002","Asia-Pacific Journal of Molecular Biology and Biotechnology",11
"Tong T. et al.","2021","Science of the Total Environment",10
"Kim J. et al.","2021","Science of the Total Environment",10
"Li R.K. et al.","2020","International Journal of Biological Macromolecules",10
"Muñoz-García A. et al.","2019","Environmental Pollution",10
"Prathiba S. and Jayaraman G.","2018","Preparative Biochemistry and Biotechnology",10
"Das S. et al.","2018","Marine Ecology",10
"Retnowati Y. et al.","2018","Biodiversitas",10
"Jami M. et al.","2016","International Journal of Systematic and Evolutionary Microbiology",10
"Suksaard P. et al.","2015","International Journal of Systematic and Evolutionary Microbiology",10
"Mai Z. et al.","2016","Catalysts",10
"Reef R. et al.","2012","Journal of Tropical Ecology",10
"Sánchez-Arias L.E. et al.","2010","Revista de Biologia Tropical",10
"Zhao C. and Ruan L.","2011","Applied Microbiology and Biotechnology",10
"Lu Q.-P. et al.","2021","Marine Drugs",9
"Gao G.-F. et al.","2021","Applied and Environmental Microbiology",9
"Ye Y.-H. et al.","2020","Antonie van Leeuwenhoek, International Journal of General and Molecular Microbiology",9
"Minu A. et al.","2020","Applied Geochemistry",9
"Inoue T. et al.","2020","Annals of Botany",9
"Zhang L. et al.","2018","International Journal of Systematic and Evolutionary Microbiology",9
"Ye Y. et al.","2019","International Journal of Systematic and Evolutionary Microbiology",9
"Hao L. et al.","2019","Phytopathology",9
"Tognella M.M.P. et al.","2016","Brazilian Journal of Biology",9
"Ganguli S. et al.","2017","Genomics Data",9
"Stabnikov V. and Ivanov V.","2017","Journal of Chemical Technology and Biotechnology",9
"Das S. et al.","2016","Geomicrobiology Journal",9
"Baskar B. and Prabakaran P.","2015","Indian Journal of Geo-Marine Sciences",9
"Du J. et al.","2015","Environmental Science and Pollution Research",9
"Zhang L. et al.","2015","International Journal of Systematic and Evolutionary Microbiology",9
"Li L. and Hong K.","2016","International Journal of Systematic and Evolutionary Microbiology",9
"Soti P.G. et al.","2014","Symbiosis",9
"Subhashini D.V. and Kumar A.V.","2014","Indian Journal of Agricultural Sciences",9
"Sadaba R.B. and Sarinas B.G.S.","2010","Botanica Marina",9
"Kaewwichian R. et al.","2010","FEMS Yeast Research",9
"Zhang Y.-B. et al.","2008","Shengtai Xuebao/ Acta Ecologica Sinica",9
"Tamura T. and Sakane T.","2005","International Journal of Systematic and Evolutionary Microbiology",9
"He M. et al.","2022","Ecotoxicology and Environmental Safety",8
"Pohl L. et al.","2021","Geoderma",8
"Marques N.S.A.A. et al.","2020","Biomolecules",8
"Shen N. et al.","2020","Journal of Ocean University of China",8
"Lu Q.-P. et al.","2019","Antibiotics",8
"Karthik Y. et al.","2020","Biomedicine (India)",8
"Ramírez-Viga T. et al.","2020","Wetlands",8
"Ding L. and Hertweck C.","2020","Journal of Natural Products",8
"Kayalvizhi K. and Kathiresan K.","2019","Biocatalysis and Agricultural Biotechnology",8
"Ma K. et al.","2018","International Journal of Systematic and Evolutionary Microbiology",8
"Kunthiphun S. et al.","2019","Mycoscience",8
"Luo L. et al.","2016","International Biodeterioration and Biodegradation",8
"Ramasubburayan R. et al.","2017","Proceedings of the National Academy of Sciences India Section B - Biological Sciences",8
"Davies T.K.R. et al.","2017","Soil Biology and Biochemistry",8
"Arumugam T. and Senthil Kumar P.","2017","Journal of Microbiological Methods",8
"Verma A. et al.","2017","International Journal of Systematic and Evolutionary Microbiology",8
"Azman A.-S. et al.","2016","International Journal of Systematic and Evolutionary Microbiology",8
"Geetha I. et al.","2014","Indian Journal of Medical Research",8
"Zhang D.-C. and Margesin R.","2015","International Journal of Systematic and Evolutionary Microbiology",8
"Mangamuri U.K. et al.","2015","Journal of Microbiology and Biotechnology",8
"Luglia M. et al.","2014","Microbial Ecology",8
"Anburaj R. et al.","2012","Russian Journal of Plant Physiology",8
"Mitra A. et al.","2011","World Journal of Microbiology and Biotechnology",8
"Scherrer P. and Mille G.","1990","Oil and Chemical Pollution",8
"Vijayagopal V. and Viruthagiri T.","2005","Pollution Research",8
"Lin Y. et al.","2022","Science of the Total Environment",7
"Meng H. et al.","2022","Science of the Total Environment",7
"Thomson T. et al.","2022","Microbiology Spectrum",7
"do Carmo Linhares D. et al.","2021","Microbial Ecology",7
"Trevathan-Tackett S.M. et al.","2021","Science of the Total Environment",7
"Tavares T.C.L. et al.","2021","Frontiers in Microbiology",7
"Padhy S.R. et al.","2022","Journal of Environmental Management",7
"Khan A.L. et al.","2022","Journal of Hazardous Materials",7
"Tang R. et al.","2021","Current Microbiology",7
"Sarveswari H.B. et al.","2020","Frontiers in Microbiology",7
"Chantarasiri A.","2020","International Journal of Environmental Research and Public Health",7
"Khan S.A. et al.","2020","Pakistan Journal of Botany",7
"Huang H. et al.","2018","International Journal of Systematic and Evolutionary Microbiology",7
"Hu D. et al.","2019","Scientific Reports",7
"Tran H.-T. et al.","2019","BMC Genomics",7
"Nathan V.K. and Ammini P.","2019","Water, Air, and Soil Pollution",7
"Iniyan A.M. et al.","2017","Proceedings of the National Academy of Sciences India Section B - Biological Sciences",7
"Thongjun J. et al.","2016","Annals of Microbiology",7
"Saba Y. et al.","2016","Asian Journal of Pharmaceutical and Clinical Research",7
"Prakash S. et al.","2015","Environmental Monitoring and Assessment",7
"Yin M. et al.","2015","Genome Announcements",7
"Tang Y.-L. et al.","2013","International Journal of Systematic and Evolutionary Microbiology",7
"Audipudi A.V. et al.","2013","International Journal of ChemTech Research",7
"Suriyachadkun C. et al.","2011","International Journal of Systematic and Evolutionary Microbiology",7
"Lelmen K.E. et al.","2010","Plant Biotechnology",7
"de Freitas A.G. and Carvalho M.A.","2011","Revista Brasileira de Paleontologia",7
"Wang Y.K. and Hong K.","2005","Wei sheng wu xue bao = Acta microbiologica Sinica",7
"Yuan B. et al.","2022","Ecotoxicology and Environmental Safety",6
"Sepúlveda-Correa A. et al.","2021","Marine Pollution Bulletin",6
"Mohamed Zubi W.S. et al.","2021","Microorganisms",6
"Mai Z. et al.","2022","Science of the Total Environment",6
"Palacios M.M. et al.","2021","Marine Pollution Bulletin",6
"Baskaran V. and Prabavathy V.R.","2022","Archives of Microbiology",6
"Hamed M.M. et al.","2021","Journal of Pure and Applied Microbiology",6
"Wei P. et al.","2021","Marine Pollution Bulletin",6
"Vieira-Neta M.R.A. et al.","2021","Brazilian Journal of Biology",6
"Craig H. et al.","2020","Ecology and Evolution",6
"Ma J. et al.","2020","Applied Sciences (Switzerland)",6
"Zhang Q.-F. and Laanbroek H.J.","2020","FEMS Microbiology Ecology",6
"Saravanakumar K. et al.","2018","Physiological and Molecular Plant Pathology",6
"Arumugam T. et al.","2018","Microbial Pathogenesis",6
"Dealtry S. et al.","2018","Brazilian Journal of Microbiology",6
"Ketipally R. et al.","2019","Journal of Applied and Natural Science",6
"Lipun K. et al.","2019","Journal of Antibiotics",6
"Buatong J. et al.","2019","Journal of Pure and Applied Microbiology",6
"Chen C. et al.","2019","International Journal of Systematic and Evolutionary Microbiology",6
"Hamada M. et al.","2018","Archives of Microbiology",6
"Dias A.C.F. et al.","2018","Microbial Ecology",6
"Zheng J. et al.","2017","Shengtai Xuebao",6
"Ito N. et al.","2017","Genes and Genetic Systems",6
"Xie Q.-Y. et al.","2016","Antonie van Leeuwenhoek, International Journal of General and Molecular Microbiology",6
"Ismail Z. et al.","2017","Current Science",6
"Ruan C.-Y. et al.","2015","Antonie van Leeuwenhoek, International Journal of General and Molecular Microbiology",6
"Bhattacharya S. et al.","2015","Journal of Scientific and Industrial Research",6
"Sá A.L.B. et al.","2014","Brazilian Journal of Microbiology",6
"Xu X.-X. et al.","2011","International Journal of Systematic and Evolutionary Microbiology",6
"Tariq M. et al.","2008","Turkish Journal of Botany",6
"Kannan P. et al.","2009","Indian Journal of Biochemistry and Biophysics",6
"Ando Y. et al.","2001","Applied Biochemistry and Biotechnology - Part A Enzyme Engineering and Biotechnology",6
"Tanaka K. et al.","1998","Japan Agricultural Research Quarterly",6
"Wu Y. et al.","2022","Environmental Pollution",5
"Das N. and Mandal S.","2022","Acta Ecologica Sinica",5
"Kulkarni R. et al.","2022","Aquaculture",5
"Shiau Y.-J. et al.","2021","Forests",5
"Zhang M. et al.","2022","International Biodeterioration and Biodegradation",5
"Moreira I.S. et al.","2021","Biodegradation",5
"Deepika S. and Kothamasi D.","2021","Mycorrhiza",5
"Nóbrega M.S. et al.","2022","Science of the Total Environment",5
"Nurdiani R. et al.","2022","PeerJ",5
"Gaonkar S. and Rodrigues B.F.","2020","Wetlands Ecology and Management",5
"Xie Y. et al.","2020","International Journal of Systematic and Evolutionary Microbiology",5
"Xu D. et al.","2020","Marine Drugs",5
"Manivel G. et al.","2020","Gene Reports",5
"Fu G. et al.","2020","Scientific Reports",5
"Das D. et al.","2020","Biocatalysis and Agricultural Biotechnology",5
"Suresh R.S.S. et al.","2020","Journal of King Saud University - Science",5
"Rajan L. et al.","2021","Archives of Microbiology",5
"Das S. et al.","2020","Regional Studies in Marine Science",5
"Ayed A.B. et al.","2021","Journal of Fungi",5
"Ye Y. et al.","2020","Frontiers in Microbiology",5
"Luo Y.-H. et al.","2020","Zhongguo Huanjing Kexue/China Environmental Science",5
"Du J. et al.","2021","International Journal of Systematic and Evolutionary Microbiology",5
"Jagadeesan Y. et al.","2019","RSC Advances",5
"Yin Q. et al.","2018","International Journal of Systematic and Evolutionary Microbiology",5
"Ratnayake A.S. et al.","2019","Journal of the National Science Foundation of Sri Lanka",5
"Ubogu M. et al.","2019","Brazilian Journal of Microbiology",5
"Gomathi A. and Gothandam K.M.","2019","Journal of Cellular Biochemistry",5
"Yao Q. et al.","2017","Chinese Journal of Applied and Environmental Biology",5
"Hu W. et al.","2015","Pakistan Journal of Botany",5
"Indupalli M.D. et al.","2015","International Journal of Pharmacy and Pharmaceutical Sciences",5
"Kharangate-Lad A. et al.","2016","Environmental Science and Pollution Research",5
"Vasconcellos R.L.F. et al.","2013","Genome Announcements",5
"Nazim K. et al.","2013","Turkish Journal of Botany",5
"Ren J. et al.","2012","Wei sheng wu xue bao = Acta microbiologica Sinica",5
"Selvam M.M. and Kathiresan K.","2010","Asian Journal of Microbiology, Biotechnology and Environmental Sciences",5
"Yuan K.P. et al.","2005","Wei sheng wu xue bao = Acta microbiologica Sinica",5
"Dinesh R. et al.","2006","Current Science",5
"Routray T.K. et al.","1996","Journal of Environmental Biology",5
"Panchanadikar V.V.","1993","International Journal of Environmental Studies",5
"Adnan M. et al.","2022","Polymers",4
"Dey G. et al.","2022","Marine Pollution Bulletin",4
"Liang C. et al.","2023","Science of the Total Environment",4
"Muñoz-García A. et al.","2022","Marine Pollution Bulletin",4
"Zhang Z. et al.","2022","Microbiology Spectrum",4
"Ghosh A. et al.","2022","PeerJ",4
"Law J.W.-F. et al.","2023","Progress in Microbes and Molecular Biology",4
"Kaleh A.M. et al.","2022","Microbiological Research",4
"Kumar U. et al.","2022","Frontiers in Environmental Science",4
"Mohy Eldin A. et al.","2022","Process Biochemistry",4
"Zwar I.P. et al.","2023","Journal of Basic Microbiology",4
"Kailasam S. et al.","2022","International Journal of Biological Macromolecules",4
"Isaza J.P. et al.","2021","Regional Studies in Marine Science",4
"He S. et al.","2022","Marine Drugs",4
"Oliveira V.M. et al.","2022","Biota Neotropica",4
"Mo X. et al.","2021","Water (Switzerland)",4
"Kadaikunnan S. et al.","2021","Saudi Journal of Biological Sciences",4
"Su Y.-S. et al.","2021","Chemistry and Biodiversity",4
"Chuvochina M. et al.","2021","Science of the Total Environment",4
"Liu Y. et al.","2021","Current Microbiology",4
"Fitri S.G.S. et al.","2021","Biodiversitas",4
"Ramírez-Viga T.K. et al.","2020","Botanical Sciences",4
"Lam M.Q. et al.","2020","International Journal of Systematic and Evolutionary Microbiology",4
"Martínez-Hernández I.A. et al.","2021","Water, Air, and Soil Pollution",4
"Sayi D.S. et al.","2020","Research Journal of Chemistry and Environment",4
"Chantarasiri A.","2021","Biodiversitas",4
"Qureshi K.A. et al.","2020","Journal of Environmental Biology",4
"Anggelina A.C. et al.","2021","Environment and Natural Resources Journal",4
"Chanama S. et al.","2018","International Journal of Systematic and Evolutionary Microbiology",4
"Wang K.-L. et al.","2018","International Journal of Systematic and Evolutionary Microbiology",4
"Manimaran M. and Kannabiran K.","2018","Research Journal of Pharmacy and Technology",4
"Chatterjee S. et al.","2018","Proceedings of the National Academy of Sciences India Section B - Biological Sciences",4
"Karthikeyan A. and Sivapriya N.B.","2018","Journal of Forestry Research",4
"Huang H. et al.","2018","International Journal of Systematic and Evolutionary Microbiology",4
"Yang H.S. et al.","2016","Shengtai Xuebao",4
"Grativol A.D. et al.","2017","Marine Pollution Bulletin",4
"Zhang D.S. et al.","2015","Shengtai Xuebao",4
"Chatterjee S. et al.","2015","International Journal of Pharma and Bio Sciences",4
"Chakraborty R.D. et al.","2015","Indian Journal of Geo-Marine Sciences",4
"Guillén-Navarro K. et al.","2015","Folia Microbiologica",4
"Wang Y. et al.","2015","International Journal of Systematic and Evolutionary Microbiology",4
"Fang Y. et al.","2012","International Journal of Phytoremediation",4
"dos Santos A.C. et al.","2012","Genetics and molecular research : GMR",4
"Marcon J. et al.","2014","Genome Announcements",4
"Ravikumar S. et al.","2012","Journal of Environmental Biology",4
"Saleem Khan A. et al.","2009","Journal of Environmental Biology",4
"Kanimozhi G. and Panneerselvam A.","2010","Asian Journal of Microbiology, Biotechnology and Environmental Sciences",4
"Valentin Bhimba B. et al.","2011","Indian Journal of Natural Products and Resources",4
"Zakaria L. et al.","2010","Tropical Life Sciences Research",4
"Shome B.R. et al.","2000","Current Science",4
"El-Morsy E.-S.M.","2005","Land Contamination and Reclamation",4
"Li K. and Gu J.","2005","Chinese Journal of Applied Ecology",4
"Shaukat S.S. et al.","2003","Phytopathologia Mediterranea",4
"Quintero I.J. et al.","2022","Microorganisms",3
"Pusparajah P. et al.","2023","Progress in Microbes and Molecular Biology",3
"Jeyaraj A. and Subramanian S.","2022","BioMetals",3
"Leng Z. et al.","2022","Marine Pollution Bulletin",3
"Chen J. et al.","2023","Soil Ecology Letters",3
"Zhang G. et al.","2023","Catena",3
"Patki J.M. et al.","2021","Brazilian Journal of Pharmaceutical Sciences",3
"Song M.-M. et al.","2022","Natural Product Research",3
"Li F. et al.","2021","Antonie van Leeuwenhoek, International Journal of General and Molecular Microbiology",3
"Padhy S.R. et al.","2022","Geomicrobiology Journal",3
"Ye Y. et al.","2020","Current Microbiology",3
"Ser H.-L. et al.","2020","Progress in Microbes and Molecular Biology",3
"El-Gayar K.E. et al.","2020","Polish Journal of Environmental Studies",3
"Yin X. et al.","2020","Huanjing Kexue Xuebao/Acta Scientiae Circumstantiae",3
"Damayanti E. et al.","2021","Biodiversitas",3
"Jeyanny V. et al.","2020","Journal of Tropical Forest Science",3
"Shaheer P. et al.","2021","Diseases of Aquatic Organisms",3
"Song Z.-M. et al.","2020","International Journal of Systematic and Evolutionary Microbiology",3
"Das S. et al.","2021","Geomicrobiology Journal",3
"Sengupta S. et al.","2020","Regional Studies in Marine Science",3
"Li P. et al.","2019","Canadian Journal of Microbiology",3
"Kuswytasari N.D. et al.","2019","Biodiversitas",3
"Mendoza L.F.D. et al.","2019","Journal of Pure and Applied Microbiology",3
"Wang R. et al.","2018","Current Microbiology",3
"Manjoo R. et al.","2017","Current Microbiology",3
"Prasanna L. et al.","2017","Genome Announcements",3
"Wu S. et al.","2016","Chinese Journal of Applied and Environmental Biology",3
"Xu C. et al.","2015","Wei sheng wu xue bao = Acta microbiologica Sinica",3
"Azmat R. et al.","2015","Recent Patents on Biotechnology",3
"Hamada M. et al.","2015","Antonie van Leeuwenhoek, International Journal of General and Molecular Microbiology",3
"George D.S. and Ong C.-B.","2014","Biotechnologia",3
"Baskar B. and Prabakaran P.","2011","Research Journal of Pharmaceutical, Biological and Chemical Sciences",3
"Kannan P. et al.","2006","Indian Journal of Biochemistry and Biophysics",3
"Ando Y. et al.","2001","Bioresource Technology",3
"Qian Z. et al.","2022","Journal of Environmental Management",2
"Ma K. et al.","2022","Frontiers in Marine Science",2
"Biswas M. et al.","2022","Proceedings of the Zoological Society",2
"Wu L. et al.","2022","Geoderma",2
"Karthik Y. and Kalyani M.I.","2023","Journal of Basic Microbiology",2
"Loiola M. et al.","2023","Science of the Total Environment",2
"Zhao L. et al.","2023","Chemosphere",2
"Chathalingath N. et al.","2023","Microbiological Research",2
"Hurtado-McCormick V. et al.","2022","Microorganisms",2
"Lu K. et al.","2022","Sustainability (Switzerland)",2
"Nimnoi P. and Pongsilp N.","2022","Biology",2
"Chen M.-S. et al.","2021","Antonie van Leeuwenhoek, International Journal of General and Molecular Microbiology",2
"Handayani D.P. et al.","2022","Marine Biotechnology",2
"Mai Z. et al.","2021","Biochemical and Biophysical Research Communications",2
"Riesco R. et al.","2022","Frontiers in Plant Science",2
"Thomson T. et al.","2022","Frontiers in Ecology and Evolution",2
"Arun R.K. et al.","2021","ChemistrySelect",2
"Ivaldi C. et al.","2021","Microorganisms",2
"Li M. et al.","2021","Archives of Microbiology",2
"Wang F. et al.","2022","Fundamental Research",2
"Klinfoong R. et al.","2022","Biodiversitas",2
"Akaji Y. et al.","2022","Plant and Soil",2
"Feng C. et al.","2022","Forests",2
"Gaonkar S. and Rodrigues B.F.","2021","Tropical Ecology",2
"Behera B.C. et al.","2021","Novel Research in Microbiology Journal",2
"Mo K.-L. et al.","2020","International Journal of Systematic and Evolutionary Microbiology",2
"Verma A. et al.","2021","International Journal of Systematic and Evolutionary Microbiology",2
"Patkar S. et al.","2021","Biotechnologia",2
"Palla M.S. et al.","2020","SN Applied Sciences",2
"Sahoo S.R. et al.","2019","Indian Journal of Pharmaceutical Sciences",2
"Shi S.-B. et al.","2019","International Journal of Systematic and Evolutionary Microbiology",2
"De Araújo J.E. et al.","2018","Microbiology Resource Announcements",2
"Ravelo F.N. et al.","2019","Revista Geografica Venezolana",2
"Xie Q.-Y. et al.","2018","Antonie van Leeuwenhoek, International Journal of General and Molecular Microbiology",2
"Wu Y. et al.","2017","Chinese Pharmacological Bulletin",2
"Ali M.K.F.B.M. et al.","2016","Journal of Engineering Science and Technology",2
"Hu W. et al.","2015","Zhongshan Daxue Xuebao/Acta Scientiarum Natralium Universitatis Sunyatseni",2
"Liu Y. et al.","2015","Shengtai Xuebao",2
"Gopalakrishnan S. et al.","2016","Advances in Animal and Veterinary Sciences",2
"Tang J. et al.","2014","Current Microbiology",2
"Genthner F.J. et al.","2013","Wetlands Ecology and Management",2
"Tariq M. and Dawar S.","2013","Archives of Phytopathology and Plant Protection",2
"Shimoda T. et al.","2009","Japan Agricultural Research Quarterly",2
"Lu J.-K. et al.","2008","Forest Research",2
"Gan H. et al.","2010","Chinese Journal of Applied and Environmental Biology",2
"Rani C. and Panneerselvam A.","2010","Journal of Pure and Applied Microbiology",2
"Ohimain E.I.","2011","International Journal of Environment and Sustainable Development",2
"Pallavi et al.","2023","Frontiers in Plant Science",1
"Zhao J. et al.","2023","Science of the Total Environment",1
"Kamaneewan N. et al.","2022","Journal of Fisheries and Environment",1
"Mamidala H.P. et al.","2023","Journal of Environmental Management",1
"Yang S.-Q. et al.","2023","Natural Product Research",1
"Ambust S. et al.","2022","Marine Pollution Bulletin",1
"Saelee R. et al.","2022","Agriculture and Natural Resources",1
"Shi S. et al.","2022","Archives of Microbiology",1
"Meng S. et al.","2022","Applied Microbiology and Biotechnology",1
"Yan Z. et al.","2022","Science of the Total Environment",1
"Karthik Y. et al.","2023","Frontiers in Microbiology",1
"Velmurugan A. et al.","2022","Tropical Ecology",1
"Liang Y.-Y. et al.","2022","Frontiers in Microbiology",1
"Barbuddhe S.B. et al.","2022","Environmental Microbiology",1
"Manikkam R. et al.","2023","Applied Biochemistry and Biotechnology",1
"Lin L. et al.","2023","Science of the Total Environment",1
"Modi A. et al.","2022","Environmental Science and Pollution Research",1
"Ding X. et al.","2023","Catena",1
"Sharma R.A. and Jagtap P.K.","2022","Journal of Water and Environmental Nanotechnology",1
"Zhang G. et al.","2022","Ecological Applications",1
"Sukmawati S. et al.","2022","Biodiversitas",1
"Pérez M.U. et al.","2022","Granja",1
"Seydametova E. and Zainol N.","2021","Current Research in Microbial Sciences",1
"Asha K. and Bhadury P.","2021","Archives of Microbiology",1
"Cai H. et al.","2022","International Journal of Systematic and Evolutionary Microbiology",1
"Dewiyanti I. et al.","2022","Biodiversitas",1
"Pei S. et al.","2021","Archives of Microbiology",1
"Mo S. et al.","2021","Water (Switzerland)",1
"Liu M. et al.","2022","Oceanologia et Limnologia Sinica",1
"Irinyi L. et al.","2022","Medical Mycology",1
"Ravi K. and Mukkavilly R.R.","2020","Research Journal of Biotechnology",1
"Wang R. et al.","2020","International Journal of Systematic and Evolutionary Microbiology",1
"López-Jiménez J.G. et al.","2019","Revista de Biologia Tropical",1
"Zhu P. et al.","2020","International Journal of Systematic and Evolutionary Microbiology",1
"Jeyanny V. et al.","2021","Journal of Tropical Forest Science",1
"Surtiningsih T. et al.","2020","Ecology, Environment and Conservation",1
"Alami N.H. et al.","2019","Biodiversitas",1
"Naradala P.R. et al.","2016","Asian Journal of Pharmaceutical and Clinical Research",1
"Satapathy S. and Mohapatra S.","2015","Journal of Pure and Applied Microbiology",1
"Indupalli M.D. et al.","2016","Asian Journal of Pharmaceutical and Clinical Research",1
"Akinkunmi W.A. et al.","2015","Malaysian Journal of Microbiology",1
"Leyeza E.B. et al.","2014","Philippine Agricultural Scientist",1
"Sugana Rani K. and Prasada Rao P.V.V.","2012","Journal of Pure and Applied Microbiology",1
"Sivasubramani K. et al.","2012","International Journal of Pharma and Bio Sciences",1
"Miao C. et al.","2008","Shengwu Gongcheng Xuebao/Chinese Journal of Biotechnology",1
"Gilna V.V. and Khaleel K.M.","2011","Asian Journal of Microbiology, Biotechnology and Environmental Sciences",1
"Long M. et al.","2011","Journal of Bacteriology",1
"Kumar P.A. et al.","2007","World Journal of Microbiology and Biotechnology",1
"Volz P.A. and Jerger D.E.","1972","Mycopathologia et Mycologia Applicata",1
"Ghosh M. and Choudhury A.","1987","Proceedings: Animal Sciences",1
"Panchanadikar V.V.","1993","International Journal of Environmental Studies",1
"Masuchi Y.","1998","Microbes and Environments",1
"Kachanuban K. et al.","2022","Journal of Fisheries and Environment",0
"Guo Z. et al.","2023","Science of the Total Environment",0
"Ye J.-J. et al.","2023","Frontiers in Microbiology",0
"Liu Y. et al.","2023","International Journal of Systematic and Evolutionary Microbiology",0
"Xu B. et al.","2023","Letters in Applied Microbiology",0
"Min L. et al.","2023","Frontiers in Microbiology",0
"Tian C. et al.","2023","Catena",0
"Bamrungpanichtavorn T. et al.","2023","Biodiversitas",0
"Solano-Arguedas A.F. et al.","2022","Geochemical Transactions",0
"Xu S. et al.","2023","International Journal of Systematic and Evolutionary Microbiology",0
"Song S. et al.","2023","MycoKeys",0
"Dasgupta A. et al.","2023","Archives of Microbiology",0
"Lam M.Q. et al.","2022","Genes",0
"Ren L. et al.","2023","Marine Pollution Bulletin",0
"Chen M. et al.","2023","Chemistry of Natural Compounds",0
"Dewiyanti I. et al.","2023","International Journal of Design and Nature and Ecodynamics",0
"Creencia A.R. et al.","2022","Journal of the International Society for Southeast Asian Agricultural Sciences",0
"He Y. et al.","2022","Journal of Soil Science and Plant Nutrition",0
"Yang S.R. et al.","2023","Microbiology (Russian Federation)",0
"Wang K. et al.","2023","Microbiology Spectrum",0
"Chequer L.P.T. et al.","2022","3 Biotech",0
"Chen Y. et al.","2023","Science of the Total Environment",0
"Fatimah et al.","2023","Biodiversitas",0
"Ji R.-N. et al.","2023","Chemistry of Natural Compounds",0
"Hao B.-C. et al.","2023","Natural Product Research",0
"Huo R. et al.","2022","Frontiers in Marine Science",0
"Zhang Z.-F. et al.","2023","Microbiome",0
"Ma J. et al.","2023","Marine Pollution Bulletin",0
"Tang R. et al.","2023","Current Microbiology",0
"Octaviana S. et al.","2023","Current Microbiology",0
"Li F. et al.","2023","Journal of Antibiotics",0
"Tan M.C.Y. et al.","2023","Archives of Microbiology",0
"Godbole A.P. et al.","2023","Indian Journal of Pharmaceutical Education and Research",0
"Li X. et al.","2022","Atmosphere",0
"Trevathan-Tackett S.M. et al.","2023","Estuarine, Coastal and Shelf Science",0
"Qu W. et al.","2022","Acta Oceanologica Sinica",0
"Bushra R. et al.","2023","Biocatalysis and Agricultural Biotechnology",0
"Hong C.W.L. et al.","2023","Microbiology Resource Announcements",0
"Lam K.-L. et al.","2023","Marine Pollution Bulletin",0
"Liu N. et al.","2023","Huanjing Kexue Xuebao/Acta Scientiae Circumstantiae",0
"Zhen C. et al.","2023","Archives of Microbiology",0
"Kenya E. et al.","2022","Heliyon",0
"Yang X. et al.","2023","Microbiology Spectrum",0
"Liu D.-X. et al.","2022","Frontiers in Marine Science",0
"Karthik Y. et al.","2023","Frontiers in Microbiology",0
"Akshatha S.J. and Kalyani M.I.","2022","Journal of Pure and Applied Microbiology",0
"Prathyusha A.M.V.N. et al.","2022","Journal of Applied Biology and Biotechnology",0
"Khan S.A. et al.","2022","Pakistan Journal of Botany",0
"Chand Basha S.K. et al.","2021","Ecology, Environment and Conservation",0
"Lin Y. et al.","2022","Journal of Agro-Environment Science",0
"Khot S. et al.","2021","Journal of Applied Biotechnology Reports",0
"Bag S. et al.","2022","Marine Biology Research",0
"Zan Z.-Y. et al.","2022","Current Microbiology",0
"Akshatha S.J. et al.","2022","Indian Journal of Natural Products and Resources",0
"Seydametova E.","2022","South-Western Journal of Horticulture, Biology and Environment",0
"Jalan R. et al.","2022","Research Journal of Pharmacy and Technology",0
"Mishra R.C. et al.","2022","Mycological Progress",0
"Kailasam S. et al.","2021","Journal of the American Leather Chemists Association",0
"Merheb M. et al.","2022","Open Biotechnology Journal",0
"Sun N. et al.","2021","Biotechnology and Biotechnological Equipment",0
"Duy N.D. et al.","2021","Asian Journal of Agriculture and Biology",0
"Zhou Z. et al.","2021","Frontiers in Microbiology",0
"Osadebe A.U. et al.","2021","Environment and Natural Resources Journal",0
"Fatimah et al.","2020","Annals of Biology",0
"Luo Q. et al.","2020","Huanjing Kexue/Environmental Science",0
"Hidayatullah A.R. et al.","2020","Ecology, Environment and Conservation",0
"Lima D.X. et al.","2020","Acta Botanica Brasilica",0
"Ye J.-J. et al.","2020","Chinese Pharmacological Bulletin",0
"Dong S.-J. et al.","2020","Applied Microbiology and Biotechnology",0
"Rodríguez N.C. et al.","2020","Revista de Biologia Tropical",0
"Sriphirom P. et al.","2021","Chemical Engineering Transactions",0
"Olumuyiwa E. et al.","2020","Journal of Microbiology, Biotechnology and Food Sciences",0
"Creencia A.R. et al.","2020","Philippine Agricultural Scientist",0
"Idris N.A. et al.","2019","Malaysian Applied Biology",0
"Vijaya Kumari B. et al.","2019","Asian Journal of Chemistry",0
"Sengupta S. et al.","2018","Genome Announcements",0
"Sweetline C. and Usha R.","2018","Asian Journal of Pharmaceutical and Clinical Research",0
"Rattanaloeadnusorn S.","2017","International Journal of GEOMATE",0
"Prihanto A.A. and Nursyam H.","2018","Asian Journal of Agriculture and Biology",0
"Janaki T.","2017","Asian Journal of Pharmaceutical and Clinical Research",0
"Rosly S.A. et al.","2014","Asian Pacific Journal of Tropical Disease",0
"Lakra P.B. et al.","2014","Journal of Pure and Applied Microbiology",0
"Satapathy S. and Mohapatra S.","2016","Asian Journal of Microbiology, Biotechnology and Environmental Sciences",0
"Singh N.K. et al.","2014","Genomics Data",0
"Zhang M. et al.","2012","Chinese Journal of Applied and Environmental Biology",0
"Uma Maheswari N. and Soundariya S.","2012","Journal of Chemical and Pharmaceutical Research",0
"Hari Babu K. et al.","2012","International Journal of Pharma and Bio Sciences",0
"Ye M. et al.","2013","Biotechnology",0
"Bandopadhyay P.","2014","International Journal of Pharmacy and Pharmaceutical Sciences",0
"Liu B. et al.","2013","Chinese Journal of Pharmaceutical Biotechnology",0
"Kamathe S. and Raut S.V.","2014","International Journal of Pharma and Bio Sciences",0
"Yang Q. et al.","2013","Chinese Journal of Ecology",0
"Kannan P. et al.","2009","Indian Journal of Geo-Marine Sciences",0
"Jiang Y.-X. and Zheng T.-L.","2007","Huanjing Kexue/Environmental Science",0
"Eduok S.I. et al.","2010","International Journal of Applied Environmental Sciences",0
"Kathiresan K.","2004","Journal of Environmental Biology",0
"Djuwansah M.R. and Marius C.","1988","Cahiers - ORSTOM, Serie Pedologie",0
"Murugesh S. et al.","2003","Indian Journal of Environmental Protection",0
"Kumaresan V. and Suryanarayanan T.S.","2000","Water Resources Management",0
"Bhathena Z.P. et al.","2002","Pollution Research",0
